insert into shteam2_db.ACCOUNTING (ID, CREATED_DATE, SPENDING, REMAIN, BILL, USER_ID, TITLE, STATUS)
values  ('0aa291bc-1e67-4df8-b83d-158e159de09e', '2023-10-13 14:45:51', -4254, -389123, '231013144551-휴가 신청서_VONG_TUYEN_LAM.xlsx', '3', 'test', 'ACTIVE'),
        ('111ec17d-3921-4bf7-8fcd-283d2fc8d0ec', '2023-07-27 14:14:46', 100000, 120000, null, '3', 'Buy Rice', 'ACTIVE'),
        ('1dcf16a4-60f7-4799-86ff-68e5827858c8', '2023-09-29 08:38:47', 10000, 170000, '230929083848-User Management Interface.xlsx', '3', 'Buy water', 'ACTIVE'),
        ('2a079692-66cd-4be0-88a6-04aa6bec23ee', '2023-09-28 14:14:34', 100000, 160000, null, '4', 'Buy Chair', 'ACTIVE'),
        ('2ad75175-42bd-4dd9-9d87-d430081f4123', '2023-10-12 11:43:06', 10000, 46602991, null, '3', 'dfgjhdfj', 'DISABLE'),
        ('32c79af6-5685-44bc-a0cb-9b18b4332fbe', '2023-09-29 08:40:40', -50000, 120000, '230929084040-User Management Interface.xlsx', '3', 'Buy water', 'ACTIVE'),
        ('368af6e2-6b90-4751-a242-2cc66b4ce94c', '2023-10-13 14:23:12', 24532, -411557, '231013142313-IC-WBS-With-Gantt-Chart-Template-8721.xlsx', '3', 'hieuhieu', 'ACTIVE'),
        ('37e298d3-0343-422b-9fad-add2bd3a7b82', '2023-10-12 10:42:36', -161653, 13347, '231012104237-Accounting Management Interface.xlsx,231012104237-Employee Record Form - Vong Tuyen Lam.xls,231012104237-IC-WBS-With-Gantt-Chart-Template-8721.xlsx', '3', 'iglglghl', 'ACTIVE'),
        ('3bae3f5c-c791-4c71-ab6b-d0f75d35c960', '2023-10-13 14:23:55', 2444, -409113, '231013142356-Employee Record Form - Vong Tuyen Lam.xls', '3', 'vkfkf', 'ACTIVE'),
        ('4b90a870-5ffa-4ea1-a100-63215ce9a02e', '2023-07-27 14:14:43', 20000, 20000, '231002121630-Accounting Management Interface.xlsx', '4', 'Buy watermelon', 'ACTIVE'),
        ('5de7944f-2c14-4517-815b-8a0c953f540a', '2023-10-13 15:08:09', -5241, -390929, null, '3', 'aaaa', 'ACTIVE'),
        ('6fd1922a-e91e-41a9-879e-2f6e678ebba1', '2023-10-04 09:05:24', 50000, 175000, '231004090526-Accounting Management Interface.xlsx,231004090526-User Management Interface.pptx,231004090526-User Management Interface.xlsx', '4', 'Buy food', 'ACTIVE'),
        ('85c51a98-4121-43eb-bff4-9e16c8d8bea0', '2023-09-30 13:09:54', -50000, 220000, '231002132744-Accounting Management Interface.xlsx', '5', 'Buy watermelon', 'ACTIVE'),
        ('86a0c2bd-eb14-4161-b487-12272b9dfe2b', '2023-10-13 11:39:35', 564, -386089, null, '3', '1+1', 'ACTIVE'),
        ('8807a223-9b47-4b8a-a833-007adbfea2b4', '2023-10-13 14:52:26', 3435, -385688, null, '3', 'sdfgsdg', 'ACTIVE'),
        ('af42f439-a45c-4516-ae65-093101883b57', '2023-10-02 16:05:48', 65000, 65000, '231013164433-휴가 신청서_VONG_TUYEN_LAM.xlsx', '3', 'Buy food', 'ACTIVE'),
        ('b86a0c69-3e73-4481-aa68-a063b86b1828', '2023-10-13 14:00:44', -50000, -436089, '231013140045-Accounting Management Interface.xlsx', '3', 'Hieu', 'ACTIVE'),
        ('b8dfca81-325e-4500-80d5-55f6ec526fbd', '2023-10-13 15:36:55', 2131, -388798, '231013154457-휴가 신청서_VONG_TUYEN_LAM.xlsx', '3', 'mumummu', 'ACTIVE'),
        ('bfef0edb-bec6-4e24-82b4-97af9bdfae2f', '2023-08-27 14:14:39', -50000, -50000, '231002133242-Accounting Management Interface.xlsx', '5', 'Buy watermelon', 'ACTIVE'),
        ('c0b064aa-4ef9-4889-af58-f614fb374158', '2023-10-03 10:00:25', 60000, 125000, '231003100026-Accounting Management Interface.xlsx,231003100026-User Management Interface.pptx,231003100026-User Management Interface.xlsx', '3', 'Buy food', 'ACTIVE'),
        ('c9cc5663-8331-46dc-8130-5b17c8fffe2a', '2023-09-30 13:17:22', 150000, 520000, '230930131723-Accounting Management Interface.xlsx,230930131723-Employee Record Form - Vong Tuyen Lam.xls,230930131723-User Management Interface.xlsx', '4', 'Buy food', 'ACTIVE'),
        ('cc46561c-ced6-4766-84ee-ae7dbfc67328', '2023-09-30 13:16:33', 150000, 370000, '230930131635-Accounting Management Interface.xlsx,230930131635-Employee Record Form - Vong Tuyen Lam.xls,230930131635-User Management Interface.xlsx', '3', 'Buy food', 'ACTIVE'),
        ('d5526945-39fd-4be9-9217-19be08788a50', '2023-08-27 14:12:44', 30000, 30000, '231002144700-Accounting Management Interface.xlsx', '4', 'Buy watermelon', 'DISABLE'),
        ('d5526945-39fd-4be9-9217-19be08788a56', '2023-09-27 14:12:44', 60000, 60000, '231002150609-Accounting Management Interface.xlsx,231002150609-Employee Record Form - Vong Tuyen Lam.xls,231002150609-User Management Interface.pptx', '4', 'Buy watermelon', 'ACTIVE'),
        ('d99faa5c-38b4-4f49-8d68-87c6d574cf31', '2023-10-13 14:42:51', 24244, -384869, '231016075730-Employee Record Form - Vọng Tuyền Lấm hỏi ngã.xls', '3', 'hello', 'ACTIVE'),
        ('f2cd01c3-7332-4db8-b8a9-1a6ef048aa86', '2023-10-03 09:50:55', 60000, 120000, '231003095056-Accounting Management Interface.xlsx,231003095056-User Management Interface.pptx,231003095056-User Management Interface.xlsx', '3', 'Buy food', 'DISABLE'),
        ('f4956a3d-2d71-42fb-85fe-0512eed1f02e', '2023-10-12 13:07:24', -400000, -386653, null, '3', 'fdsafash5678', 'ACTIVE'),
        ('fa1f91a8-eb22-4c6e-9491-d92f53f07bc5', '2023-10-12 11:14:36', 46584644, 46597991, '231012111437-Accounting Management Interface.xlsx,231012111437-Employee Record Form - Vong Tuyen Lam.xls,231012111437-IC-WBS-With-Gantt-Chart-Template-8721.xlsx', '3', 'fjfghjgj', 'DISABLE'),
        ('fe0008fb-93ac-4be3-9fd1-badc8e84a0c5', '2022-09-29 15:45:26', 50000, 50000, null, '2', 'Buy headphone', 'ACTIVE'),
        ('fe0008fb-93ac-4be3-9fd1-badc8e84a0cc', '2023-09-29 15:45:26', 150000, 270000, '230929154604-User Management Interface.pptx', '4', 'Buy food', 'ACTIVE');

insert into shteam2_db.USER (ID, FULLNAME, DATE_OF_BIRTH, PHONE, EMERGENCY_PHONE, AVATAR, TYPE, DEPARTMENT, ATM, EMAIL, PASSWORD, ROLE, STATUS, POSITION, RESUME, ADDRESS, IS_FIRST_UPDATE_PROFILE, TIMESHEETS_CODE)
values  ('2', 'TrungHieu', '2000-03-02', '999999', '20202', '231003123245-Cat03.jpg', 'OFFICIAL', 'DEV2', '12123', '1@gmail.com', '$2a$10$hWGR2TDU4tGzM/7mtPAX6uRmogPQOFTkysjb1NiVKDYogCKGLfga.', 'OWNER', 'ACTIVE', 'INTERN', '231003123245-sample.pdf', 'adress2', true, '1'),
        ('3', 'TrungHieu99999', null, '11111', null, '231003123245-Cat03.jpg', 'OFFICIAL', 'DEV2', null, null, null, 'DEVELOPER', 'ACTIVE', 'INTERN', '231003170723-sample.pdf', null, true, null),
        ('4', 'Thằng Hiếu phá thế', null, null, null, null, null, null, null, 'hieubao@gmail.com', '$2a$12$f6ld0R7LiYdJ6TwzjxLxT.QJ45febxzuZV1UbDg7TQUwPf.nRvTl2', 'MANAGER', 'ACTIVE', null, null, null, null, null),
        ('5', 'Trung Hieu', '1990-01-01', '039647433', '123456798', 'avartarHieu', 'OFFICIAL', 'DEV2', '123456798', 'hieu@example.com', '$2a$12$/A8gr45pnnOTlBNlxLf2M.41gh/9WDFZew8MDoWqBy.ti13GN3296', 'MANAGER', 'ACTIVE', 'INTERN', 'profile1', 'HCM', true, 'Mã timesheets'),
        ('b0e9aca9-393e-4be5-9e06-7f8e5d7f4ba9', 'hieu', '2000-01-02', '031325464', '132465798', 'avatar1', 'OFFICIAL', 'DEV2', '123456798', 'hieuahaha@gmail.com', '$2a$10$hWGR2TDU4tGzM/7mtPAX6uRmogPQOFTkysjb1NiVKDYogCKGLfga.', 'MANAGER', 'ACTIVE', 'INTERN', 'profile1', 'HCM', false, '132465');

insert into shteam2_db.CATEGORY_MANAGEMENT_TIME (ID, CODE, VALUE, MANAGEMENT_TIME_ID)
values  ('1', 'SINGLE_MOST', 'The single most important thing', '1'),
        ('2', 'LECTURE', 'Lecture', '1'),
        ('3', 'DAILY_EVALUATION', 'Daily evaluation', '1'),
        ('4', 'WORK', 'Work', '1'),
        ('5', 'READING', 'Reading', '1'),
        ('6', 'TIME_DURATION_1', '1Q 6~12pm', '2'),
        ('7', 'TIME_DURATION_2', '2Q 12~6pm', '2'),
        ('8', 'TIME_DURATION_3', '3Q 6~12am', '2');

insert into shteam2_db.COMMENT_NOTIFICATION (ID, CONTENT, CREATED_DATE, NOTIFICATION_ID, USER_ID, PARENT_ID, MODIFIED_DATE, MODIFIED_BY)
values  ('02b0d77b-77ae-48aa-beea-6b87a386a3f1', 'utuytutu', '2023-10-12 14:41:16', '37ad0da8-997b-4b33-a22c-2280d58f1853', 'b0e9aca9-393e-4be5-9e06-7f8e5d7f4ba9', null, null, null),
        ('038f971e-0e9b-4098-993e-dcd67a67c098', 'rtyrtyryr', '2023-10-13 12:02:09', '08567312-55a8-4e74-a829-f3db648cf9b5', 'b0e9aca9-393e-4be5-9e06-7f8e5d7f4ba9', null, null, null),
        ('05d969eb-cdac-4f9c-85fb-2a15105d7a4b', 'tyuututu', '2023-10-12 17:04:03', '08567312-55a8-4e74-a829-f3db648cf9b5', 'b0e9aca9-393e-4be5-9e06-7f8e5d7f4ba9', null, null, null),
        ('06cb9bd8-42c9-4daf-a839-b3c1709690c6', 'ftyyry', '2023-10-13 14:47:52', '4f1a211c-5529-49b8-acdb-11deb8e5dfd2', 'b0e9aca9-393e-4be5-9e06-7f8e5d7f4ba9', null, null, null),
        ('0a911844-d0a1-4538-aeb4-42630f99aa4d', 'tuytututyu', '2023-10-12 17:02:10', '08567312-55a8-4e74-a829-f3db648cf9b5', 'b0e9aca9-393e-4be5-9e06-7f8e5d7f4ba9', null, null, null),
        ('0db9e769-4dbe-4569-a777-e453473c5315', 'sdgsfsdfs', '2023-10-13 14:34:17', '4f1a211c-5529-49b8-acdb-11deb8e5dfd2', 'b0e9aca9-393e-4be5-9e06-7f8e5d7f4ba9', null, null, null),
        ('0e263447-7cf3-481f-91b9-18dee901cad4', '5685685858', '2023-10-12 16:45:03', '08567312-55a8-4e74-a829-f3db648cf9b5', 'b0e9aca9-393e-4be5-9e06-7f8e5d7f4ba9', null, null, null),
        ('0e828925-b029-46fa-92fb-bf396c2853bc', 'ểtrte3435345', '2023-10-14 10:49:54', 'a08401d8-96f4-4c1a-9adb-fffbf00f52d7', 'b0e9aca9-393e-4be5-9e06-7f8e5d7f4ba9', 'd05a99b7-a885-4b3b-8e86-4a33d1b60f94', null, null),
        ('14f9f181-5108-4d2c-ac8e-ab65de867827', '5757567', '2023-10-12 16:19:52', '08567312-55a8-4e74-a829-f3db648cf9b5', 'b0e9aca9-393e-4be5-9e06-7f8e5d7f4ba9', 'ef1f9161-53f8-4386-8816-f8ece0a4da29', null, null),
        ('184120b9-8e26-4a52-b5e1-834c706cbac5', 'rtertert', '2023-10-12 16:33:25', '08567312-55a8-4e74-a829-f3db648cf9b5', 'b0e9aca9-393e-4be5-9e06-7f8e5d7f4ba9', '7e35ac04-17b0-4f16-abe8-b88caf6a902a', null, null),
        ('1aae4b3e-94d8-41e7-92d9-330c64504193', 'ểtrtert', '2023-10-12 16:43:18', '08567312-55a8-4e74-a829-f3db648cf9b5', 'b0e9aca9-393e-4be5-9e06-7f8e5d7f4ba9', null, null, null),
        ('1b82cc4f-8003-4b03-be06-443b36026438', '23423423424', '2023-10-14 16:11:26', 'bc161d1d-a5b5-456a-99fa-b4a39cf2653d', 'b0e9aca9-393e-4be5-9e06-7f8e5d7f4ba9', null, null, null),
        ('1d2e46c5-08f2-4e51-8328-7ffbb60933d6', 'utytyu', '2023-10-13 14:44:15', '4f1a211c-5529-49b8-acdb-11deb8e5dfd2', 'b0e9aca9-393e-4be5-9e06-7f8e5d7f4ba9', null, null, null),
        ('21f1b289-6341-46bc-a13c-c9185a2d27f6', 'fghfhfh', '2023-10-13 14:44:32', '4f1a211c-5529-49b8-acdb-11deb8e5dfd2', 'b0e9aca9-393e-4be5-9e06-7f8e5d7f4ba9', null, null, null),
        ('2e71459e-b19b-49e6-8cf5-39c6c9858c3d', 'ytutyututu', '2023-10-14 16:10:42', 'bc161d1d-a5b5-456a-99fa-b4a39cf2653d', 'b0e9aca9-393e-4be5-9e06-7f8e5d7f4ba9', 'db3a2e86-d39b-4014-b2e1-514600da87a4', null, null),
        ('30fa61fb-71be-4e45-9ee2-8f2293b2ca58', 'dhhdg', '2023-10-13 15:01:30', '95db0c5e-7e19-4223-8442-d206ff4e2a08', 'b0e9aca9-393e-4be5-9e06-7f8e5d7f4ba9', null, null, null),
        ('3161ee1b-b56c-49c7-9ace-0b6b595ae6ba', 'rtyryhfhfhytyrrty', '2023-10-12 16:32:29', '08567312-55a8-4e74-a829-f3db648cf9b5', 'b0e9aca9-393e-4be5-9e06-7f8e5d7f4ba9', 'b5def971-74e6-44f9-8533-c48093ef8340', null, null),
        ('3288267c-65b2-4025-b1f9-9ef115ddcced', 'rtyryry', '2023-10-12 16:21:05', '08567312-55a8-4e74-a829-f3db648cf9b5', 'b0e9aca9-393e-4be5-9e06-7f8e5d7f4ba9', 'ef1f9161-53f8-4386-8816-f8ece0a4da29', null, null),
        ('39309f94-891b-458d-8ddd-6a837d729a7d', '345345435353535345', '2023-10-14 16:12:02', 'bc161d1d-a5b5-456a-99fa-b4a39cf2653d', 'b0e9aca9-393e-4be5-9e06-7f8e5d7f4ba9', null, null, null),
        ('3a6787b8-7e5c-4aa3-8b19-91e0f24c2aa1', 'tytryryry', '2023-10-14 14:48:00', 'bc161d1d-a5b5-456a-99fa-b4a39cf2653d', 'b0e9aca9-393e-4be5-9e06-7f8e5d7f4ba9', '4f815a58-d293-49ea-b241-9afe6cebf207', null, null),
        ('3b41b8c4-2618-44c6-8712-78071cc31916', 'rtertretet', '2023-10-13 14:48:10', '4f1a211c-5529-49b8-acdb-11deb8e5dfd2', 'b0e9aca9-393e-4be5-9e06-7f8e5d7f4ba9', null, null, null),
        ('3cd740af-c119-4147-a3f9-f939161b1ed5', 'srthsrhsrthrt4756756757567567567567567', '2023-10-14 17:01:26', 'bc161d1d-a5b5-456a-99fa-b4a39cf2653d', 'b0e9aca9-393e-4be5-9e06-7f8e5d7f4ba9', null, null, null),
        ('3e4731a7-3f42-4dab-b145-2a12813f33d6', 'ádadadadxcxvxvx', '2023-10-13 13:48:48', '08567312-55a8-4e74-a829-f3db648cf9b5', 'b0e9aca9-393e-4be5-9e06-7f8e5d7f4ba9', '0e263447-7cf3-481f-91b9-18dee901cad4', null, null),
        ('45bcf42f-3430-46f4-98f5-0d09e92103f5', 'fsdfdsr3434535', '2023-10-12 16:34:37', '08567312-55a8-4e74-a829-f3db648cf9b5', 'b0e9aca9-393e-4be5-9e06-7f8e5d7f4ba9', '7e35ac04-17b0-4f16-abe8-b88caf6a902a', null, null),
        ('4d05f7a0-abf1-48bd-bd4e-1f5c1e014701', 'ádasdasd', '2023-10-13 14:49:46', 'd72b4ce2-fc7c-4f61-a2b8-0695acd4e14d', 'b0e9aca9-393e-4be5-9e06-7f8e5d7f4ba9', null, null, null),
        ('4dba4e25-bb7e-4219-8648-3b962e4f120e', 'ytututut', '2023-10-12 14:41:10', '37ad0da8-997b-4b33-a22c-2280d58f1853', 'b0e9aca9-393e-4be5-9e06-7f8e5d7f4ba9', null, null, null),
        ('4f815a58-d293-49ea-b241-9afe6cebf207', 'tyyry', '2023-10-14 14:47:54', 'bc161d1d-a5b5-456a-99fa-b4a39cf2653d', 'b0e9aca9-393e-4be5-9e06-7f8e5d7f4ba9', null, null, null),
        ('51a6f2b6-ea87-4d0d-a2de-1578150716b6', 'adasda', '2023-10-14 16:14:08', 'bc161d1d-a5b5-456a-99fa-b4a39cf2653d', 'b0e9aca9-393e-4be5-9e06-7f8e5d7f4ba9', null, null, null),
        ('542ce89d-1564-459d-97a6-ea8f9817624d', 'vjfgj', '2023-10-13 14:44:23', '4f1a211c-5529-49b8-acdb-11deb8e5dfd2', 'b0e9aca9-393e-4be5-9e06-7f8e5d7f4ba9', null, null, null),
        ('5499c78d-cc23-4ecf-9c6a-e45cc94191fc', 'tyuytut', '2023-10-12 16:23:18', '08567312-55a8-4e74-a829-f3db648cf9b5', 'b0e9aca9-393e-4be5-9e06-7f8e5d7f4ba9', 'a7ba9f70-b290-4117-bf15-b291f63257d0', null, null),
        ('5b07066e-4ffd-4ad0-b452-a52ae1e42ef9', 'dfgdfgdfgdfg', '2023-10-14 17:00:04', 'bc161d1d-a5b5-456a-99fa-b4a39cf2653d', 'b0e9aca9-393e-4be5-9e06-7f8e5d7f4ba9', null, null, null),
        ('5c37b3ae-1cf8-4039-b780-276241230bd3', 'iuyiyiytui', '2023-10-14 16:58:10', 'bc161d1d-a5b5-456a-99fa-b4a39cf2653d', 'b0e9aca9-393e-4be5-9e06-7f8e5d7f4ba9', null, null, null),
        ('5d349fc5-e966-4d9e-a7ad-779220350d21', 'yututyuioo', '2023-10-12 14:10:21', '08567312-55a8-4e74-a829-f3db648cf9b5', 'b0e9aca9-393e-4be5-9e06-7f8e5d7f4ba9', null, '2023-10-12 16:26:42', 'HuynhCanh'),
        ('627bf96c-ff8e-4b9f-9fbe-4e104d3c776b', 'ytuytutut', '2023-10-14 16:21:58', 'bc161d1d-a5b5-456a-99fa-b4a39cf2653d', 'b0e9aca9-393e-4be5-9e06-7f8e5d7f4ba9', null, null, null),
        ('6b4ab3b9-ca94-40f8-90e8-547acb97af34', '234234242424234', '2023-10-14 16:22:19', 'bc161d1d-a5b5-456a-99fa-b4a39cf2653d', 'b0e9aca9-393e-4be5-9e06-7f8e5d7f4ba9', null, null, null),
        ('6d318d25-7156-4f38-b2e0-41c202c66869', 'adasdasd', '2023-10-12 16:35:18', '08567312-55a8-4e74-a829-f3db648cf9b5', 'b0e9aca9-393e-4be5-9e06-7f8e5d7f4ba9', null, null, null),
        ('6d54c7de-8c4b-46d3-a698-7cd6a9115ffd', '6577575', '2023-10-12 16:49:01', '08567312-55a8-4e74-a829-f3db648cf9b5', 'b0e9aca9-393e-4be5-9e06-7f8e5d7f4ba9', null, null, null),
        ('6eee136e-bc94-4ef6-bbf0-1e6208886677', 'rtyrtyrtyry', '2023-10-14 17:01:04', 'bc161d1d-a5b5-456a-99fa-b4a39cf2653d', 'b0e9aca9-393e-4be5-9e06-7f8e5d7f4ba9', null, null, null),
        ('6f69b4a4-3490-491d-8449-cee638a0e60d', 'rtetert', '2023-10-14 10:47:59', 'a08401d8-96f4-4c1a-9adb-fffbf00f52d7', 'b0e9aca9-393e-4be5-9e06-7f8e5d7f4ba9', 'd6bb3875-ba3d-4cf7-9f17-5d552eb9c37f', null, null),
        ('6f8cc216-4968-47fc-8f6c-0daee0549e7b', 'rtyryry', '2023-10-14 16:39:36', 'bc161d1d-a5b5-456a-99fa-b4a39cf2653d', 'b0e9aca9-393e-4be5-9e06-7f8e5d7f4ba9', null, null, null),
        ('713cf12a-173c-47d0-a33c-6369df6aec25', 'hfghfhfdg', '2023-10-13 13:43:24', '08567312-55a8-4e74-a829-f3db648cf9b5', 'b0e9aca9-393e-4be5-9e06-7f8e5d7f4ba9', null, null, null),
        ('7276f8cd-8f66-4b48-8892-6159d350ce0f', 'ádadasd', '2023-10-13 13:28:34', '08567312-55a8-4e74-a829-f3db648cf9b5', 'b0e9aca9-393e-4be5-9e06-7f8e5d7f4ba9', null, null, null),
        ('7bfda3ca-7528-498e-8ef0-4a37c4b4a18b', 'rtyryrtyr4', '2023-10-12 16:31:03', '08567312-55a8-4e74-a829-f3db648cf9b5', 'b0e9aca9-393e-4be5-9e06-7f8e5d7f4ba9', 'ef1f9161-53f8-4386-8816-f8ece0a4da29', null, null),
        ('7e35ac04-17b0-4f16-abe8-b88caf6a902a', 'rtytryrty', '2023-10-12 16:32:15', '08567312-55a8-4e74-a829-f3db648cf9b5', 'b0e9aca9-393e-4be5-9e06-7f8e5d7f4ba9', null, null, null),
        ('8087e14d-d235-47c3-ac04-200489c375b1', 'rtyrtyrt456465464646546456456', '2023-10-14 17:01:57', 'bc161d1d-a5b5-456a-99fa-b4a39cf2653d', 'b0e9aca9-393e-4be5-9e06-7f8e5d7f4ba9', null, null, null),
        ('80e05acd-8cd4-48d5-a951-522eb6b2af73', '655675', '2023-10-12 16:37:16', '08567312-55a8-4e74-a829-f3db648cf9b5', 'b0e9aca9-393e-4be5-9e06-7f8e5d7f4ba9', null, null, null),
        ('8325ecc4-280a-4943-945d-c870723fd23d', 'kjhkhkhk', '2023-10-14 16:57:57', 'bc161d1d-a5b5-456a-99fa-b4a39cf2653d', 'b0e9aca9-393e-4be5-9e06-7f8e5d7f4ba9', null, null, null),
        ('84386013-3bb1-4700-8e86-879b828fa456', 'tuytuytu', '2023-10-14 16:47:32', 'bc161d1d-a5b5-456a-99fa-b4a39cf2653d', 'b0e9aca9-393e-4be5-9e06-7f8e5d7f4ba9', null, null, null),
        ('8753a8a2-e29d-4af1-b546-052ad8081e3e', 'ádadad', '2023-10-12 16:35:09', '08567312-55a8-4e74-a829-f3db648cf9b5', 'b0e9aca9-393e-4be5-9e06-7f8e5d7f4ba9', '7e35ac04-17b0-4f16-abe8-b88caf6a902a', null, null),
        ('8bc3b7a8-3b6d-45fa-bc6a-7a336c2fdfa9', 'rêtt', '2023-10-14 09:49:55', 'a08401d8-96f4-4c1a-9adb-fffbf00f52d7', 'b0e9aca9-393e-4be5-9e06-7f8e5d7f4ba9', null, null, null),
        ('8efc4278-d7df-4133-835e-6808036d1654', 'rỷtyry', '2023-10-14 16:39:22', 'bc161d1d-a5b5-456a-99fa-b4a39cf2653d', 'b0e9aca9-393e-4be5-9e06-7f8e5d7f4ba9', null, null, null),
        ('8f08dde8-cf8a-4a4a-a9ee-23a65c1c310f', '6575756u', '2023-10-12 16:19:44', '08567312-55a8-4e74-a829-f3db648cf9b5', 'b0e9aca9-393e-4be5-9e06-7f8e5d7f4ba9', 'ef1f9161-53f8-4386-8816-f8ece0a4da29', null, null),
        ('939eec4f-c251-41d7-95d9-b00b981312af', 'sdfsfsf', '2023-10-13 14:35:54', '4f1a211c-5529-49b8-acdb-11deb8e5dfd2', 'b0e9aca9-393e-4be5-9e06-7f8e5d7f4ba9', null, null, null),
        ('97d2412f-21da-4000-9828-f1375a3cbd3a', 'rỷtyryry', '2023-10-12 16:30:07', '08567312-55a8-4e74-a829-f3db648cf9b5', 'b0e9aca9-393e-4be5-9e06-7f8e5d7f4ba9', 'ef1f9161-53f8-4386-8816-f8ece0a4da29', null, null),
        ('9ba4f86c-f029-47ba-bf79-7c7ce02aa161', '5757567', '2023-10-12 16:19:33', '08567312-55a8-4e74-a829-f3db648cf9b5', 'b0e9aca9-393e-4be5-9e06-7f8e5d7f4ba9', 'ef1f9161-53f8-4386-8816-f8ece0a4da29', null, null),
        ('9c1a15d9-274d-4d35-ae22-2188009abd05', 'uytyyuuy', '2023-10-14 12:59:38', '7bd2cc1c-d6e4-4dd0-95cb-c84eba004371', 'b0e9aca9-393e-4be5-9e06-7f8e5d7f4ba9', null, null, null),
        ('a0c10909-489e-400b-a1b8-8e983e576156', 'ghjgjghj', '2023-10-13 12:02:24', '08567312-55a8-4e74-a829-f3db648cf9b5', 'b0e9aca9-393e-4be5-9e06-7f8e5d7f4ba9', null, null, null),
        ('a45e3a36-e978-495b-ab66-a9dccbb672e0', 'hkhkhjk', '2023-10-14 09:47:48', 'a08401d8-96f4-4c1a-9adb-fffbf00f52d7', 'b0e9aca9-393e-4be5-9e06-7f8e5d7f4ba9', null, null, null),
        ('a5ffea03-5855-4fa8-a2dc-9320ae25870f', 'rty5464564564564y45y54y23423423423423423egergrthdrthrh', '2023-10-14 17:02:15', 'bc161d1d-a5b5-456a-99fa-b4a39cf2653d', 'b0e9aca9-393e-4be5-9e06-7f8e5d7f4ba9', null, null, null),
        ('a7adbe38-9766-43f1-a05b-944c50932f3c', 'fghfghfgh', '2023-10-12 16:43:01', '08567312-55a8-4e74-a829-f3db648cf9b5', 'b0e9aca9-393e-4be5-9e06-7f8e5d7f4ba9', null, null, null),
        ('a7ba9f70-b290-4117-bf15-b291f63257d0', 'rtyryry', '2023-10-12 16:14:17', '08567312-55a8-4e74-a829-f3db648cf9b5', 'b0e9aca9-393e-4be5-9e06-7f8e5d7f4ba9', null, null, null),
        ('adbd473e-01c5-41f8-8ad9-48b12e4478f2', 'ưerwerwerwer', '2023-10-14 16:10:58', 'bc161d1d-a5b5-456a-99fa-b4a39cf2653d', 'b0e9aca9-393e-4be5-9e06-7f8e5d7f4ba9', null, null, null),
        ('adc2fc24-1cbc-4a98-b579-4adcdca80f4e', 'hjkhkhk', '2023-10-14 16:57:24', 'bc161d1d-a5b5-456a-99fa-b4a39cf2653d', 'b0e9aca9-393e-4be5-9e06-7f8e5d7f4ba9', null, null, null),
        ('b1e06190-eaa2-4cf3-924f-19194ac399c5', 'rtyrsysryrty', '2023-10-14 17:00:52', 'bc161d1d-a5b5-456a-99fa-b4a39cf2653d', 'b0e9aca9-393e-4be5-9e06-7f8e5d7f4ba9', null, null, null),
        ('b45c17f0-da42-4008-a7da-45ad6f76e594', '4466465464h', '2023-10-13 13:42:22', '08567312-55a8-4e74-a829-f3db648cf9b5', 'b0e9aca9-393e-4be5-9e06-7f8e5d7f4ba9', null, null, null),
        ('b50103e1-019e-4653-982f-834704323f67', 'yuiuyiuyi', '2023-10-14 12:59:44', '7bd2cc1c-d6e4-4dd0-95cb-c84eba004371', 'b0e9aca9-393e-4be5-9e06-7f8e5d7f4ba9', '9c1a15d9-274d-4d35-ae22-2188009abd05', null, null),
        ('b5def971-74e6-44f9-8533-c48093ef8340', 'rtyryry', '2023-10-12 16:29:58', '08567312-55a8-4e74-a829-f3db648cf9b5', 'b0e9aca9-393e-4be5-9e06-7f8e5d7f4ba9', null, null, null),
        ('bf4c615e-efa6-430f-87b3-7f2807cc8d86', 'tyututu', '2023-10-14 13:55:23', '35969c70-df14-401f-ae0a-33dd3069e83b', 'b0e9aca9-393e-4be5-9e06-7f8e5d7f4ba9', null, null, null),
        ('c1de151a-a129-4ffd-ac3f-310cd98e9585', '65757567', '2023-10-12 16:40:18', '08567312-55a8-4e74-a829-f3db648cf9b5', 'b0e9aca9-393e-4be5-9e06-7f8e5d7f4ba9', null, null, null),
        ('c2419526-7750-49db-beb3-208671cdf444', 'ssdfsfsdftyuytutyutututu', '2023-10-12 14:23:59', '08567312-55a8-4e74-a829-f3db648cf9b5', 'b0e9aca9-393e-4be5-9e06-7f8e5d7f4ba9', null, '2023-10-12 16:34:40', 'HuynhCanh'),
        ('c3f9d7ba-24fb-4903-8ca2-04faa047b7c4', 'ewrwrwerwer', '2023-10-13 13:48:29', '08567312-55a8-4e74-a829-f3db648cf9b5', 'b0e9aca9-393e-4be5-9e06-7f8e5d7f4ba9', '0e263447-7cf3-481f-91b9-18dee901cad4', null, null),
        ('c47fea1e-620c-470a-80fe-594fb06a7c7f', 'rtyryr', '2023-10-14 16:16:43', 'bc161d1d-a5b5-456a-99fa-b4a39cf2653d', 'b0e9aca9-393e-4be5-9e06-7f8e5d7f4ba9', null, null, null),
        ('ce946c01-35bc-4b5d-8250-87740f8601c4', 'âfaf', '2023-10-13 14:34:33', '4f1a211c-5529-49b8-acdb-11deb8e5dfd2', 'b0e9aca9-393e-4be5-9e06-7f8e5d7f4ba9', null, null, null),
        ('d05a99b7-a885-4b3b-8e86-4a33d1b60f94', 'ytututyutrỷy54646456', '2023-10-14 10:49:36', 'a08401d8-96f4-4c1a-9adb-fffbf00f52d7', 'b0e9aca9-393e-4be5-9e06-7f8e5d7f4ba9', null, '2023-10-14 12:49:18', 'HuynhCanh'),
        ('d08f1275-6c3a-4165-948c-7c75a3f8b2ac', '6786868', '2023-10-12 16:44:45', '08567312-55a8-4e74-a829-f3db648cf9b5', 'b0e9aca9-393e-4be5-9e06-7f8e5d7f4ba9', '1aae4b3e-94d8-41e7-92d9-330c64504193', null, null),
        ('d37910b3-e842-4782-9cfd-c5529b4a12e7', 'rtyrtytry', '2023-10-14 14:48:06', 'bc161d1d-a5b5-456a-99fa-b4a39cf2653d', 'b0e9aca9-393e-4be5-9e06-7f8e5d7f4ba9', '4f815a58-d293-49ea-b241-9afe6cebf207', null, null),
        ('d384930f-ab0b-486a-b9c6-693074be390c', 'ádadadasd', '2023-10-12 16:35:40', '08567312-55a8-4e74-a829-f3db648cf9b5', 'b0e9aca9-393e-4be5-9e06-7f8e5d7f4ba9', null, null, null),
        ('d4463067-6574-4fab-bda4-a5d880d4115f', 'Nội dung Cô
ỷtyrtyrtyrtyrtyrtyrty', '2023-10-02 11:01:50', '08567312-55a8-4e74-a829-f3db648cf9b5', '3', null, '2023-10-12 14:00:23', 'HuynhCanh'),
        ('d58784e4-2e13-4dfd-b386-791ec8d5fde6', 'àaf', '2023-10-13 15:34:58', '8e28c42e-701b-4969-bb51-dbaa83826b43', 'b0e9aca9-393e-4be5-9e06-7f8e5d7f4ba9', null, null, null),
        ('d6bb3875-ba3d-4cf7-9f17-5d552eb9c37f', 'rỷtyrty', '2023-10-14 10:09:57', 'a08401d8-96f4-4c1a-9adb-fffbf00f52d7', 'b0e9aca9-393e-4be5-9e06-7f8e5d7f4ba9', null, null, null),
        ('d8c044a8-158b-46e7-981d-508ae24a0120', '656765', '2023-10-12 16:19:24', '08567312-55a8-4e74-a829-f3db648cf9b5', 'b0e9aca9-393e-4be5-9e06-7f8e5d7f4ba9', 'ef1f9161-53f8-4386-8816-f8ece0a4da29', null, null),
        ('db3a2e86-d39b-4014-b2e1-514600da87a4', 'ádadadasd', '2023-10-14 16:09:29', 'bc161d1d-a5b5-456a-99fa-b4a39cf2653d', 'b0e9aca9-393e-4be5-9e06-7f8e5d7f4ba9', null, null, null),
        ('e4037520-a39a-473c-ac41-a0c14329f324', 'sdfsfsdf', '2023-10-13 13:30:26', '08567312-55a8-4e74-a829-f3db648cf9b5', 'b0e9aca9-393e-4be5-9e06-7f8e5d7f4ba9', null, null, null),
        ('e702b52a-fb03-4c84-88bf-1c0a7755a6c0', 'gdgdfgdg', '2023-10-13 13:32:26', '08567312-55a8-4e74-a829-f3db648cf9b5', 'b0e9aca9-393e-4be5-9e06-7f8e5d7f4ba9', null, null, null),
        ('ea927738-e64d-4a88-be9c-855adaf67fb1', 'tutyuytut', '2023-10-14 16:38:57', 'bc161d1d-a5b5-456a-99fa-b4a39cf2653d', 'b0e9aca9-393e-4be5-9e06-7f8e5d7f4ba9', null, null, null),
        ('ef1f9161-53f8-4386-8816-f8ece0a4da29', 'rtetertert', '2023-10-12 16:14:42', '08567312-55a8-4e74-a829-f3db648cf9b5', 'b0e9aca9-393e-4be5-9e06-7f8e5d7f4ba9', null, null, null),
        ('f38ab789-30b3-4ea3-8310-7507eab30f5a', 'rteteterg', '2023-10-12 16:31:37', '08567312-55a8-4e74-a829-f3db648cf9b5', 'b0e9aca9-393e-4be5-9e06-7f8e5d7f4ba9', 'b5def971-74e6-44f9-8533-c48093ef8340', null, null),
        ('f5bf763e-ac19-4da9-83c1-eefc62913c8a', 'dgdg', '2023-10-12 16:28:13', '08567312-55a8-4e74-a829-f3db648cf9b5', 'b0e9aca9-393e-4be5-9e06-7f8e5d7f4ba9', 'ef1f9161-53f8-4386-8816-f8ece0a4da29', null, null),
        ('fa8b2ca2-b42a-4eb5-9c89-17abb21771c9', 'dsffs', '2023-10-14 09:35:45', '82c50a51-cc5d-4798-90bf-dc2919ef1be5', 'b0e9aca9-393e-4be5-9e06-7f8e5d7f4ba9', null, null, null),
        ('fdc086da-ff34-470e-931d-8d3197f655b9', 'ẻtreter', '2023-10-14 10:49:48', 'a08401d8-96f4-4c1a-9adb-fffbf00f52d7', 'b0e9aca9-393e-4be5-9e06-7f8e5d7f4ba9', 'd05a99b7-a885-4b3b-8e86-4a33d1b60f94', null, null),
        ('fdd4e533-421c-421b-b1f0-9e5bee7dfbf5', 'rtyrtyryrty', '2023-10-12 16:32:07', '08567312-55a8-4e74-a829-f3db648cf9b5', 'b0e9aca9-393e-4be5-9e06-7f8e5d7f4ba9', null, null, null),
        ('fe60a600-722e-4c48-ba41-0076ff088296', 'tyutyut', '2023-10-14 10:49:02', 'a08401d8-96f4-4c1a-9adb-fffbf00f52d7', 'b0e9aca9-393e-4be5-9e06-7f8e5d7f4ba9', '8bc3b7a8-3b6d-45fa-bc6a-7a336c2fdfa9', null, null);

insert into shteam2_db.MANAGEMENT_TIME (ID, CODE, VALUE)
values  ('1', 'ONE_THING_CALENDAR', 'Onething calendar'),
        ('2', 'TO_DO_LIST', 'To-do list'),
        ('3', 'DAILY_ROUTINE', 'Daily routine'),
        ('4', 'GRATITUDE_DIARY', 'Gratitude diary'),
        ('5', 'TO_DO_LIST_WEEK', 'To-do list on this week'),
        ('6', 'COMPLIMENT', 'Compliment for me today'),
        ('7', 'REFLECTIONS', 'Today''s reflections and improvements'),
        ('8', 'AFFIRMATION', 'Affirmation');

insert into shteam2_db.NOTIFICATION (ID, TITLE, CONTENT, FILES, CREATED_DATE)
values  ('0257a5b4-ed73-4405-969b-c0fc8a658d9a', 'hjk', 'jhkjhkh', '231013161124-45545.pptx', '2023-10-13 16:11:24'),
        ('05362e70-ff72-4108-95c4-9deba875fdc7', 'adas', 'đấ', '231013145158-New Microsoft PowerPoint Presentation - Copy (3).pptx,231013145158-New Microsoft PowerPoint Presentation - Copy.pptx,231013145158-New Microsoft PowerPoint Presentation.pptx', '2023-10-13 14:51:58'),
        ('08567312-55a8-4e74-a829-f3db648cf9b5', 'aaaaaaaaaaaaa', 'aaaaaaaaaaaaaaaa', '230930131552-54674ee19af5f2c633acd48f5e7e2ca2.jpg,230930131552-749352274a62c15fc87d522b46a29822.jpg,230930131552-Cat03.jpg', '2023-09-30 15:15:34'),
        ('1b64580b-fd53-41cd-bb2d-f66fd80d96aa', 'rtyrt', 'ỷtyrt', '231011150639-New Microsoft PowerPoint Presentation.pptx', '2023-10-11 17:06:14'),
        ('1f079a56-ca62-42f2-9080-207625761e45', 'ád', 'ádasda', null, '2023-10-14 08:43:56'),
        ('2512c524-7380-40d4-83e4-29233148f4cd', 'dfgdf', 'gdfgdfgdg', '231013154443-New Microsoft PowerPoint Presentation - Copy (2).pptx,231013154443-New Microsoft PowerPoint Presentation - Copy (3).pptx,231013154443-New Microsoft PowerPoint Presentation - Copy.pptx', '2023-10-13 15:44:43'),
        ('28f46ba2-95c9-4883-a061-ab1aaa08e42b', 'dfgd', 'gdfg', '231013154058-New Microsoft PowerPoint Presentation - Copy (2).pptx,231013154058-New Microsoft PowerPoint Presentation - Copy (3).pptx,231013154058-New Microsoft PowerPoint Presentation - Copy.pptx', '2023-10-13 15:40:58'),
        ('2e3dfdf8-601e-44d8-8635-00581dd12ea6', 'áda', 'sdsada', '231013153655-New Microsoft PowerPoint Presentation - Copy (2).pptx,231013153655-New Microsoft PowerPoint Presentation - Copy (3).pptx,231013153655-New Microsoft PowerPoint Presentation - Copy.pptx', '2023-10-13 15:36:55'),
        ('35969c70-df14-401f-ae0a-33dd3069e83b', 'gỵg', 'jgyjg', '231014141048-tétt.pptx', '2023-10-14 13:24:14'),
        ('378ce1cb-d65c-4abf-add0-ec8f894d7801', 'shsoftvina.com', '5464646464dtertet', 'hieuShsoftvina', '2023-09-28 15:14:46'),
        ('37ad0da8-997b-4b33-a22c-2280d58f1853', 'aaaaaaaaaaaaa', 'aaaaaaaaaaaaaaaa', '230930131452-749352274a62c15fc87d522b46a29822.jpg', '2023-09-30 15:14:34'),
        ('3ac89e5d-28be-4810-9468-1b7cc475a113', 'ad', 'adasdas', '', '2023-10-14 08:43:49'),
        ('43295b14-0dac-48d6-97ae-2824a005b30d', 'ấ', 'fafa', '231013152121-5555.pptx', '2023-10-13 15:21:21'),
        ('43fe021c-4910-430c-93a1-5cfa8ca55507', 'fgh', 'fghfh', '231013151515-4.pptx', '2023-10-13 15:15:15'),
        ('45658a5a-4bfe-44da-a395-cfcd02fec3ce', 'ádas', 'đâsd', '231013163334-New Microsoft PowerPoint Presentation - Copy (3).pptx', '2023-10-13 16:33:34'),
        ('4f1a211c-5529-49b8-acdb-11deb8e5dfd2', 'dfgdf', 'gfdgdg', '231013143410-New Microsoft PowerPoint Presentation - Copy (3).pptx', '2023-10-13 14:34:10'),
        ('6066c751-b343-45d5-be62-c39a1173e0c5', '768', '67868', '231013162353-45545.pptx', '2023-10-13 16:23:53'),
        ('7bd2cc1c-d6e4-4dd0-95cb-c84eba004371', 'kjhkkhkk', 'hkh', '231014125401-New Microsoft PowerPoint Presentation.pptx,231014125541-New Microsoft PowerPoint Presentation.pptx', '2023-10-14 12:54:01'),
        ('8200769b-afb8-40ce-97da-4f61f7451390', 'ádadas', 'ádsad', '231013154803-New Microsoft PowerPoint Presentation - Copy (2).pptx,231013154803-New Microsoft PowerPoint Presentation - Copy (3).pptx,231013154803-New Microsoft PowerPoint Presentation - Copy.pptx', '2023-10-13 15:48:03'),
        ('82c50a51-cc5d-4798-90bf-dc2919ef1be5', '1231', '321313', '', '2023-10-14 09:29:37'),
        ('8354c7f4-32ce-4529-9e27-6c0c181668ea', 'ytuty', 'uytuytu', '231013164028-45545.pptx', '2023-10-13 16:40:28'),
        ('86077ac4-09c9-4748-8d54-c5aff6ccf1c7', 'đrggdrgd', 'drgdrgdr', '231011150618-New Microsoft PowerPoint Presentation.pptx', '2023-10-11 17:05:53'),
        ('8e28c42e-701b-4969-bb51-dbaa83826b43', 'ỵ', 'tjytjt', '231013152918-5555.pptx', '2023-10-13 15:29:18'),
        ('95db0c5e-7e19-4223-8442-d206ff4e2a08', 'ádfaf', 'âfas', '231013150018-1.pptx,231013150018-2.pptx,231013150018-3.pptx', '2023-10-13 15:00:18'),
        ('971dca6b-86f4-4ec6-9637-807ee2e537e1', '8979', '78979', '231013155534-45545.pptx,231013155534-New Microsoft PowerPoint Presentation.pptx', '2023-10-13 15:55:34'),
        ('9781e005-e839-477b-bae0-7bcc7f738265', 'xv', 'xcvxcvxcv', '231013154629-New Microsoft PowerPoint Presentation - Copy (2).pptx,231013154629-New Microsoft PowerPoint Presentation - Copy (3).pptx,231013154629-New Microsoft PowerPoint Presentation - Copy.pptx', '2023-10-13 15:46:29'),
        ('9bb0d973-cebd-42e7-8c68-e02bc7123659', 'sdfjyj', 'sdfsdfjytj', '231014091759-test.pptx,231014091944-test2.pptx,231014092855-1.pptx', '2023-10-14 08:46:17'),
        ('9c54f2f9-1f96-402b-84ba-c34a5f1ae84f', 'fsdfghhgjg12313123', 'sdjfhsdjk213131313', '', '2023-10-13 16:47:32'),
        ('9d9ebf4c-322d-4787-abdf-047875eae08e', 'dfgdg', 'dfgdfgf', '231013151146-4.pptx', '2023-10-13 15:11:46'),
        ('a08401d8-96f4-4c1a-9adb-fffbf00f52d7', '5657567', 'testcontentdâd', '231014122709-New Microsoft PowerPoint Presentation.pptx', '2023-10-14 09:38:18'),
        ('ab66acfc-0294-4dea-beeb-54b2fabe258f', 'rtyrty', 'rtyrytr', '231013161051-45545.pptx', '2023-10-13 16:10:51'),
        ('bc161d1d-a5b5-456a-99fa-b4a39cf2653d', 'tyuty', 'utyuyt', '231014144552-New Microsoft PowerPoint Presentation.pptx', '2023-10-14 14:37:29'),
        ('bf7c84b4-d8ae-4b83-9cff-2478c0f6837f', 'áda', 'dsadsa', '231013164411-45545.pptx', '2023-10-13 16:44:11'),
        ('cabe9001-0206-43d0-964f-dd479d95edd2', 'ểtr', 'tetre', '231013161953-New Microsoft PowerPoint Presentation - Copy (3).pptx,231013161953-New Microsoft PowerPoint Presentation - Copy.pptx,231013161953-New Microsoft PowerPoint Presentation.pptx', '2023-10-13 16:19:53'),
        ('d6820df8-5ede-4216-b1c4-6518b582fd1e', 'rtytr', 'ỷyr', '231013163123-New Microsoft PowerPoint Presentation - Copy (3).pptx', '2023-10-13 16:31:23'),
        ('d72b4ce2-fc7c-4f61-a2b8-0695acd4e14d', 'dfgdfg', 'dfgdfgdf', '231013144928-New Microsoft PowerPoint Presentation - Copy (2).pptx', '2023-10-13 14:49:28'),
        ('e416b959-62a2-471b-8b6c-e378c07b863a', 'rtyr', 'ỷtyrty', '231013162934-45545.pptx', '2023-10-13 16:29:34'),
        ('e56da55d-e3f7-4d47-bb6e-12cf3dfef824', 'fghfg', 'hfghfgh', '231013151757-5555.pptx', '2023-10-13 15:17:57'),
        ('e694242c-c26d-49c4-82f7-8bcf224756eb', '45', '3534535', '231013151257-4.pptx', '2023-10-13 15:12:57'),
        ('e9be471a-37bb-497e-8cbe-919d04c07961', 'áda', 'dsadasd', '', '2023-10-13 16:46:21'),
        ('f1f6ec16-02b2-49c3-8682-3e498d2bdb73', 'sdf', 'sdfsdfsdf', '231013163713-45545.pptx', '2023-10-13 16:37:13'),
        ('f78e893c-6cb9-4a55-b08c-f1fd5a6e73aa', 'rtry', 'rỷyty', '231013153856-New Microsoft PowerPoint Presentation - Copy (2).pptx,231013153856-New Microsoft PowerPoint Presentation - Copy (3).pptx,231013153856-New Microsoft PowerPoint Presentation - Copy.pptx', '2023-10-13 15:38:56'),
        ('f9e92780-a609-4c78-90a1-408013f641cb', 'tyu', 'tututy', '231013161729-New Microsoft PowerPoint Presentation - Copy (3).pptx,231013161729-New Microsoft PowerPoint Presentation - Copy.pptx,231013161729-New Microsoft PowerPoint Presentation.pptx', '2023-10-13 16:17:29'),
        ('ffd34b8c-071f-49c6-af28-108edf369cd8', '464', '45654', '231013160340-New Microsoft PowerPoint Presentation.pptx', '2023-10-13 16:03:40');

insert into shteam2_db.TODO_MANAGEMENT_TIME (ID, DAY, TARGET, PERFORMANCE, USER_ID, CATEGORY_MANAGEMENT_TIME_ID, MANAGEMENT_TIME_ID)
values  ('070d5194-0144-4450-936b-6a3ddc1b5105', '2023-10-05', 'work', false, '5', '6', null),
        ('1', '2023-10-04', 'Exercise, book', false, '4', '6', null),
        ('10', '2023-10-06', 'Javascript Lecture 2', false, '4', '2', null),
        ('11', '2023-10-04', 'I will becoma a Java master. I will always be happy and live as the way I want', null, '4', null, '8'),
        ('12', '2023-10-04', 'Compliment for myself for planning, executing, and evaluating my daily routine	', null, '4', null, '6'),
        ('13', '2023-10-04', '1. I am so happy and grateful that I was able to solve a new problem through today’s work., 2. I am grateful for the birdsong I heard on my way to work today., 3. I am grateful that I was able to talk and eat a delicious dinner with my friends today.', null, '4', null, '4'),
        ('16b44120-7714-480c-a034-5deee7cccd27', '2023-10-07', 'Exercise, book, eat', true, '5', '6', null),
        ('2', '2023-10-04', 'work', false, '4', '6', null),
        ('3', '2023-10-04', 'work-teammeeting', false, '4', '7', null),
        ('4', '2023-10-04', 'work', false, '4', '7', null),
        ('5', '2023-10-04', 'Javascript Lecture 1', true, '5', '2', null),
        ('6', '2023-10-04', 'Reading 10 pages ', true, '4', '5', null),
        ('7', '2023-10-04', 'Read 100 pages per week', false, '5', null, '5'),
        ('8', '2023-10-04', 'Project analyzing', false, '4', null, '5'),
        ('9', '2023-10-06', 'Reading 10 pages', false, '4', '5', null),
        ('d624bc2c-3c2f-4213-b3dc-175f1305b960', '2023-10-07', 'work, read', true, '5', '6', null),
        ('f65becb1-4de3-4753-af36-85d34a1279dc', '2023-10-05', 'Exercise, book', false, '5', '6', null);

insert into shteam2_db.TIMESHEETS (ID, WORK_DATE, CHECKIN, CHECKOUT, OT, USER_ID)
values  ('1', '2022-09-18', '07:23:20', '17:20:22', false, '2'),
        ('2', '2022-09-19', '07:19:10', '19:12:23', true, '2'),
        ('3', '2023-09-18', '07:30:12', '17:22:12', false, '2'),
        ('4', '2023-11-19', '07:19:10', '19:12:23', true, '2');

insert into shteam2_db.TASK (ID, STATUS_TASK, TITLE, USER_ID, CREATED_DATE, START_DATE, CLOSE_DATE, PRIORITY, PROGRESS, STATUS, CONTENT, DUE_DATE)
values  ('152b6ad4-3d51-484e-833c-b6884d66cd1e', 'REGISTERED', 'Update sort by user', '2', '2023-10-10', '2023-10-11', '2023-10-13', 'LOW', '0', 'ACTIVE', 'Create schedule view', '2023-10-14'),
        ('6a26ee72-9c50-43f4-8d15-f9b80fe90b94', 'REOPENED', 'Fix login view', '2', '2023-10-10', '2023-10-11', '2023-10-13', 'LOW', '70', 'ACTIVE', 'Create schedule view', '2023-10-14'),
        ('7a4a7158-2055-47a2-b7de-23c6a2b361e0', 'CLOSED', 'Login feature', '2', '2023-10-10', '2023-10-11', '2023-10-13', 'MEDIUM', '40', 'ACTIVE', 'Create schedule view', '2023-10-14'),
        ('7aa1244c-4da8-461c-9676-3befd8660cb7', 'OPENED', 'Create schedule view', '2', '2023-10-10', '2023-10-11', '2023-10-13', 'MEDIUM', '30', 'ACTIVE', 'Create schedule view', '2023-10-14'),
        ('c6f0ec1b-e965-4447-91e4-607479753a6d', 'POSTPONED', 'Accounting feature', '2', '2022-10-02', '2022-10-03', '2022-10-06', 'HIGH', '50', 'ACTIVE', 'Create schedule view', '2022-10-09'),
        ('c6f0ec1b-e965-4447-91e4-607479753af8', 'POSTPONED', 'Register feature', '2', '2023-10-10', '2023-10-11', '2023-10-13', 'HIGH', '50', 'ACTIVE', 'Create schedule view', '2023-10-14');

