insert into shteam2_db.user (ID, FULLNAME, DATE_OF_BIRTH, PHONE, EMERGENCY_PHONE, AVATAR, TYPE, DEPARTMENT, ATM, EMAIL, PASSWORD, ROLE, STATUS, POSITION, RESUME, ADDRESS, IS_FIRST_UPDATE_PROFILE, TIMESHEETS_CODE, CREATED_DATE, GENDER)
values  ('1', 'canh', null, null, null, 'avatar-default.jpg', null, 'ADMINISTRATION', 'ATM', 'canh@gmail.com', '$2a$12$tUsM3tftkSRJuPv/awZYsuPULKfvL.BkTbgXAG4dJ3rVYUTEKLfZm', 'OWNER', 'ACTIVE', 'MANAGER', null, null, true, null, null, null),
        ('2', 'manager', '2023-10-24', '0977036574', '0977036574', 'avatar-default.jpg', 'OFFICIAL', 'ADMINISTRATION', null, 'thinh.shsoftvina@gmail.com', '$2a$10$mYh8PmgS8STQ.YAD.XZIEeZowxhVSLCDHxLxzmziT7pu8QwIWMXNi', 'MANAGER', 'ACTIVE', null, null, null, true, null, null, null),
        ('231020150607', 'thinh beo', '2021-08-12', '0977036574', '0977036574', 'avatar-default.jpg', 'OFFICIAL', 'DEV1', '123', 'vtuyenlam1998@gmail.com', '$2a$10$mYh8PmgS8STQ.YAD.XZIEeZowxhVSLCDHxLxzmziT7pu8QwIWMXNi', 'DEVELOPER', 'ACTIVE', 'INTERN', '231020152324-BÁO CÁO TUẦN 231014.xlsx', '21K Nguyễn Văn Trỗi Quận Phú Nhuận', true, 'sfdgsdg', null, null),
        ('231020151605', 'canh2', '2023-11-19', '1234567890', '1234567890', 'avatar-default.jpg', 'OFFICIAL', 'ADMINISTRATION', '', 'n18dccn107@student.ptithcm.edu.vn', '$2a$10$QOtpu/ti85z2zKSupAReN.L.2zenqhcBO6UaZWqzvM2CTECQM6m56', 'DEVELOPER', 'ACTIVE', 'INTERN', null, '261/15/40 Dinh Phong Phu', true, '', null, null);

insert into shteam2_db.accounting (ID, CREATED_DATE, SPENDING, REMAIN, BILL, USER_ID, TITLE, STATUS, NOTE, PAY_DATE)
values  ('1', '2023-09-24 10:21:15', -200000, -200000, null, '2', 'buy water', 'ACTIVE', 'buy aquafina', '2023-09-24 10:21:15'),
        ('2', '2023-08-24 10:21:15', 170000, 170000, null, '2', 'buy water', 'ACTIVE', 'buy aquafina', '2023-08-24 10:21:15'),
        ('231024101709', '2023-10-09 10:17:05', -35000, -35000, '231024101708-IC-WBS-With-Gantt-Chart-Template-8721.xlsx,231026090608-User Management Interface.pptx,231026094827-z4584367832823_6d33f6e60ca41d7110758bf51fafd1de.jpg', '1', 'Buy chicken', 'DISABLE', 'Buy 45kg chicken', '2023-10-09 10:17:05'),
        ('231024102117', '2023-10-12 10:21:15', 200000, 216267, null, '2', 'buy water', 'ACTIVE', 'buy aquafina', '2023-10-12 10:21:15'),
        ('231024171718', '2023-10-15 17:17:16', 1700000, 1916267, '231030155757-Accounting Management Interface.xlsx', '2', '14563', 'ACTIVE', '3+3=6', '2023-10-15 17:17:16'),
        ('231024171905', '2023-10-15 17:19:04', -1500000, 416267, null, '1', 'ahahaha', 'ACTIVE', 'có tiền rồiii', '2023-10-15 17:19:04'),
        ('231024214938', '2023-10-24 21:49:35', 200000, 616267, '231024214938-User Management Interface.pptx,231024214938-User Management Interface.xlsx,231025090803-z4709264848208_62644481fbad2e37d821594a896663a5.jpg', '1', 'add value', 'ACTIVE', 'fsdafasd1233332356', '2023-10-24 21:49:35'),
        ('231024215141', '2023-10-24 21:51:38', 3000000, 3400000, '231024215140-User Management Interface.xlsx', '1', 'add value', 'DISABLE', 'fsdafasd', '2023-10-24 21:51:38'),
        ('231024215208', '2023-10-24 21:52:06', -30000, 586267, null, '1', 'buy pen', 'ACTIVE', 'buy new pen', '2023-10-24 21:52:06'),
        ('231024215241', '2023-10-24 21:52:39', 1500000, 2086267, '231025090113-Employee Record Form - Vọng Tuyền Lấm hỏi ngã.xls,231031142739-IC-WBS-With-Gantt-Chart-Template-8721.xlsx,231031142756-IC-WBS-With-Gantt-Chart-Template-8721.xlsx', '2', 'add value', 'ACTIVE', 'add more moneyy', '2023-10-24 21:52:39'),
        ('231025112904', '2023-10-25 11:29:03', -150000, 1936267, 'User Management Interface-231102105637.xlsx,z4709264848208_62644481fbad2e37d821594a896663a5-231102105637.jpg,Accounting Management Interface-231102105637.xlsx', '2', 'abc', 'ACTIVE', 'có tiền rồiii aaaa', '2023-10-25 11:29:03'),
        ('231025112924', '2023-10-25 11:29:23', -30000, 4575000, null, '1', '2222', 'DISABLE', 'aaaaaaaa', '2023-10-25 11:29:23'),
        ('231025112945', '2023-10-25 11:29:43', -250000, 1686267, '231025113444-Accounting Management Interface.xlsx,231025113444-IC-WBS-With-Gantt-Chart-Template-8721.xlsx', '1', 'haha', 'ACTIVE', 'lala', '2023-10-25 11:29:43'),
        ('231026090819', '2023-10-26 09:08:16', -350000, 1336267, '231026090818-User Management Interface.pptx', '1', 'buy some snack', 'ACTIVE', 'bim bim', '2023-10-26 09:08:16'),
        ('231026090849', '2023-10-26 09:08:47', 35000, 1371267, null, '1', '145634', 'ACTIVE', 'có tiền rồiii', '2023-10-26 09:08:47'),
        ('231026193534', '2023-10-26 19:35:32', -200000, 1171267, '231027110233-231027103108-New Microsoft Excel Worksheet - Copy.xlsx,231027110233-231027100549-New Microsoft Excel Worksheet - Copy (5).xlsx,231027110233-New Microsoft Excel Worksheet - Copy (2).xlsx', '2', '123456', 'ACTIVE', '1234', '2023-10-26 19:35:32'),
        ('231026193613', '2023-10-26 19:36:10', 100, 905867, '231026193612-New Microsoft Excel Worksheet (4).xlsx,231027110357-New Microsoft Excel Worksheet.xlsx', '2', '456', 'DISABLE', '100', '2023-10-26 19:36:10'),
        ('231027073709', '2022-10-27 07:37:08', 2600000, 2600000, null, '2', 'what up', 'ACTIVE', 'money in the bank', '2022-10-27 07:37:08'),
        ('231027073737', '2022-10-27 07:37:36', -30000, 2570000, null, '2', 'hieu so high', 'ACTIVE', 'high high high', '2022-10-27 07:37:36'),
        ('231027073901', '2022-08-25 07:39:00', 333000, 333000, null, '2', 'Long Liên', 'ACTIVE', 'Long và Liên là 2 bạn thân. Liên thì ngọng, Long thì bị nghiện', '2022-08-25 07:39:00'),
        ('231027074123', '2023-10-27 07:41:22', 3000000, 4171267, null, '2', 'add value', 'ACTIVE', 'có tiền là đi đường quyền', '2023-10-27 07:41:22'),
        ('231027074150', '2023-10-27 07:41:49', -500000, 3671267, null, '2', 'vỡ nợ', 'ACTIVE', 'lén đem đi đánh đề', '2023-10-27 07:41:49'),
        ('231027074219', '2023-10-27 07:42:18', 100000, 3771267, '231031104921-IC-WBS-With-Gantt-Chart-Template-8721.xlsx,231031104921-z4825907857327_985561d103029265590f3b873e774c4f.jpg', '2', 'trúng lô', 'ACTIVE', 'đánh con 21 ra còn 123', '2023-10-27 07:42:18'),
        ('231027110612', '2023-10-27 11:06:10', -150000, 3471267, null, '2', '12345lam', 'DISABLE', '123456lam', '2023-10-27 11:06:10'),
        ('231030135636', '2023-10-30 13:56:36', -1233, 1267, null, '2', '145634', 'ACTIVE', '', '2023-10-11 06:56:31'),
        ('231030141210', '2023-10-30 14:12:58', 2500, 2500, '231031131704-Accounting Management Interface.xlsx,231031131704-Employee Record Form - Vọng Tuyền Lấm hỏi ngã.xls,231031131704-User Management Interface.pptx', '2', '145634a', 'ACTIVE', '123', '2023-10-10 14:12:17'),
        ('231031084132', '2023-10-31 08:41:32', 15000, 16267, '231031084132-Accounting Management Interface.xlsx,231031084132-Employee Record Form - Vọng Tuyền Lấm hỏi ngã.xls,231031084132-IC-WBS-With-Gantt-Chart-Template-8721.xlsx', '2', 'add value', 'ACTIVE', 'có tiền rồiii', '2023-10-11 08:41:32'),
        ('231101094717', '2023-11-01 09:47:17', 230000, 530000, '231101172754-z4726103202045_36bb6bde236dc5f5ee3969f26b80699f.jpg,231101173436-z4584367832823_6d33f6e60ca41d7110758bf51fafd1de.jpg,231101173444-User Management Interface.pptx', '2', 'Hello November', 'ACTIVE', 'NNN', '2023-11-02 09:47:17'),
        ('231101095346', '2023-11-01 09:53:46', 250000, 300000, '231101095346-Employee Record Form - Vọng Tuyền Lấm hỏi ngã.xls', '2', 'tạo cái nữa nà', 'ACTIVE', 'tạo cái nữa nàaaaaaaaaaaaaaaaaaa', '2023-11-01 09:53:47'),
        ('231101164224', '2023-11-01 16:42:24', 60000, 620000, '231101170418-Accounting Management Interface.xlsx,231101170637-Accounting Management Interface.xlsx', '2', 'Tạo cái nữa bà', 'ACTIVE', 'aaaaaaaa', '2023-11-04 16:42:24'),
        ('231102080509', '2023-11-02 08:05:09', 30000, 560000, '231102080509-Accounting Management Interface.xlsx,231102080509-Employee Record Form - Vọng Tuyền Lấm hỏi ngã.xls', '2', 'A hèm', 'ACTIVE', 'huhahaha', '2023-11-03 08:05:10'),
        ('231102112456', '2023-11-02 11:24:56', -150000, 3621267, 'User Management Interface-231102112456.pptx,z4584367832823_6d33f6e60ca41d7110758bf51fafd1de-231102112456.jpg', '2', '145634', 'ACTIVE', 'a hèm', '2023-10-31 11:24:57'),
        ('231103091340', '2023-11-03 09:13:40', 50000, 50000, 'Accounting Management Interface-231103091340.xlsx,z4709264848208_62644481fbad2e37d821594a896663a5-231103091340.jpg,Employee Record Form - Vọng Tuyền Lấm hỏi ngã-231103091432.xls', '2', 'tạo cái nữa nà', 'ACTIVE', 'bbbb', '2023-11-01 09:13:40'),
        ('3', '2023-07-24 10:21:15', 150000, 115000, '231024214938-User Management Interface.pptx,231024214938-User Management Interface.xlsx,231026193034-download.jpg', '2', 'buy water', 'ACTIVE', 'buy aquafina', '2023-07-24 10:21:15');

insert into shteam2_db.notification (ID, TITLE, CONTENT, FILES, CREATED_DATE, USER_ID, STATUS)
values  ('231103081616', '333', '{"ops":[{"insert":"333\\n"}]}', 'Employee Record Form - Vọng Tuyền Lấm hỏi ngã-231103081616.xls', '2023-11-03 08:16:17', '2', 'INACTIVE'),
        ('231103081632', 'hehehe', '{"ops":[{"insert":"huhuhu\\n"}]}', 'Employee Record Form - Vọng Tuyền Lấm hỏi ngã-231103081632.xls,IC-WBS-With-Gantt-Chart-Template-8721-231103081632.xlsx,User Management Interface-231103081632.pptx', '2023-11-03 08:16:33', '2', 'ACTIVE'),
        ('231103144729', 'alulu', '{"ops":[{"insert":"alulu\\n"}]}', 'User Management Interface-231103144729.xlsx', '2023-11-03 14:47:29', '2', 'ACTIVE'),


insert into shteam2_db.task (ID, STATUS_TASK, TITLE, USER_ID, CREATED_DATE, START_DATE, CLOSE_DATE, PRIORITY, PROGRESS, STATUS, CONTENT, DUE_DATE)
values  ('231103082212', 'REOPENED', 'adfsf', '1', '2023-11-03', '2023-11-04', null, 'LOW', '0', 'ACTIVE', '<div class="ql-editor" data-gramm="false" contenteditable="true"><p>fadsf</p></div><div class="ql-clipboard" contenteditable="true" tabindex="-1"></div><div class="ql-tooltip ql-hidden"><a class="ql-preview" rel="noopener noreferrer" target="_blank" href="about:blank"></a><input type="text" data-formula="e=mc^2" data-link="https://quilljs.com" data-video="Embed URL"><a class="ql-action"></a><a class="ql-remove"></a></div>', '2023-11-06'),
    ('231103082220', 'OPENED', 'adfsf', '1', '2023-11-03', '2023-11-04', null, 'LOW', '0', 'ACTIVE', '<div class="ql-editor" data-gramm="false" contenteditable="true"><p>fadsf</p></div><div class="ql-clipboard" contenteditable="true" tabindex="-1"></div><div class="ql-tooltip ql-hidden"><a class="ql-preview" rel="noopener noreferrer" target="_blank" href="about:blank"></a><input type="text" data-formula="e=mc^2" data-link="https://quilljs.com" data-video="Embed URL"><a class="ql-action"></a><a class="ql-remove"></a></div>', null),
    ('231103082225', 'OPENED', 'adfsf', '1', '2023-11-03', '2023-11-04', null, 'LOW', '0', 'ACTIVE', '<div class="ql-editor" data-gramm="false" contenteditable="true"><p>fadsf</p></div><div class="ql-clipboard" contenteditable="true" tabindex="-1"></div><div class="ql-tooltip ql-hidden"><a class="ql-preview" rel="noopener noreferrer" target="_blank" href="about:blank"></a><input type="text" data-formula="e=mc^2" data-link="https://quilljs.com" data-video="Embed URL"><a class="ql-action"></a><a class="ql-remove"></a></div>', '2023-11-06'),
    ('231103082232', 'OPENED', 'adfsf', '1', '2023-11-03', null, null, 'LOW', '0', 'ACTIVE', '<div class="ql-editor" data-gramm="false" contenteditable="true"><p>fadsf</p></div><div class="ql-clipboard" contenteditable="true" tabindex="-1"></div><div class="ql-tooltip ql-hidden"><a class="ql-preview" rel="noopener noreferrer" target="_blank" href="about:blank"></a><input type="text" data-formula="e=mc^2" data-link="https://quilljs.com" data-video="Embed URL"><a class="ql-action"></a><a class="ql-remove"></a></div>', null),
    ('231103082236', 'OPENED', 'adfsf', '1', '2023-11-03', null, null, 'LOW', '0', 'ACTIVE', '<div class="ql-editor" data-gramm="false" contenteditable="true"><p>fadsf</p></div><div class="ql-clipboard" contenteditable="true" tabindex="-1"></div><div class="ql-tooltip ql-hidden"><a class="ql-preview" rel="noopener noreferrer" target="_blank" href="about:blank"></a><input type="text" data-formula="e=mc^2" data-link="https://quilljs.com" data-video="Embed URL"><a class="ql-action"></a><a class="ql-remove"></a></div>', '2023-11-04'),
    ('231103082239', 'CLOSED', 'adfsf', '1', '2023-10-23', '2023-10-23', '2023-11-05', 'LOW', '0', 'ACTIVE', '<div class="ql-editor" data-gramm="false" contenteditable="true"><p>fadsf</p></div><div class="ql-clipboard" contenteditable="true" tabindex="-1"></div><div class="ql-tooltip ql-hidden"><a class="ql-preview" rel="noopener noreferrer" target="_blank" href="about:blank"></a><input type="text" data-formula="e=mc^2" data-link="https://quilljs.com" data-video="Embed URL"><a class="ql-action"></a><a class="ql-remove"></a></div>', '2023-10-07'),
    ('231103082318', 'POSTPONED', 'dfasf', '1', '2023-11-03', '2023-11-03', null, 'LOW', '0', 'ACTIVE', '<div class="ql-editor" data-gramm="false" contenteditable="true"><p>asdfasdf</p></div><div class="ql-clipboard" contenteditable="true" tabindex="-1"></div><div class="ql-tooltip ql-hidden"><a class="ql-preview" rel="noopener noreferrer" target="_blank" href="about:blank"></a><input type="text" data-formula="e=mc^2" data-link="https://quilljs.com" data-video="Embed URL"><a class="ql-action"></a><a class="ql-remove"></a></div>', '2023-11-04'),
    ('231103104957', 'OPENED', 'ghdfh', '2', '2023-11-03', '2023-11-03', null, 'LOW', '0', 'ACTIVE', '<div class="ql-editor" data-gramm="false" contenteditable="true"><p>ghfdgh</p></div><div class="ql-clipboard" contenteditable="true" tabindex="-1"></div><div class="ql-tooltip ql-hidden"><a class="ql-preview" rel="noopener noreferrer" target="_blank" href="about:blank"></a><input type="text" data-formula="e=mc^2" data-link="https://quilljs.com" data-video="Embed URL"><a class="ql-action"></a><a class="ql-remove"></a></div>', null),
    ('231103105014', 'REGISTERED', 'gdfsg', '2', '2023-11-03', null, null, 'LOW', '0', 'ACTIVE', '<div class="ql-editor" data-gramm="false" contenteditable="true"><p>dfg</p></div><div class="ql-clipboard" contenteditable="true" tabindex="-1"></div><div class="ql-tooltip ql-hidden"><a class="ql-preview" rel="noopener noreferrer" target="_blank" href="about:blank"></a><input type="text" data-formula="e=mc^2" data-link="https://quilljs.com" data-video="Embed URL"><a class="ql-action"></a><a class="ql-remove"></a></div>', null);


insert into shteam2_db.MANAGEMENT_TIME_DAY (ID, ONE_THING_CALENDAR, TO_DO_LIST, GRATITUDE_DIARY, AFFIRMATION, DAY, USER_ID)
values  ('1581aa3f-672c-4295-9564-09ecda9cb03c', '{"theSingleMostImportantThing":null,"lecture":null,"dailyEvaluation":null,"work":null,"reading":null}', '{"sixToTwelvePm":[],"twelveToSixPm":[],"sixToTwelveAm":[]}', '[]', '', '2021-11-23', '961c8858-a43c-4cab-b878-6dba81c8c291'),
        ('52b61868-e78f-4dbf-a418-0f67d1ab6bc6', '{"theSingleMostImportantThing":null,"lecture":null,"dailyEvaluation":null,"work":null,"reading":null}', '{"sixToTwelvePm":[],"twelveToSixPm":[],"sixToTwelveAm":[]}', '[]', '', '2023-10-18', '961c8858-a43c-4cab-b878-6dba81c8c291'),
        ('582e1379-0f25-472f-bbb7-39977a32c732', '{"theSingleMostImportantThing":{"target":"11","performance":false},"lecture":{"target":"Lecture 2","performance":false},"dailyEvaluation":{"target":"Gratitude diary, daily evaluation","performance":false},"work":{"target":"Analyzing","performance":false},"reading":{"target":"Reading 10 pages","performance":false}}', '{"sixToTwelvePm":[{"target":"21","performance":false},{"target":"22","performance":false},{"target":"323","performance":false},{"target":"12313","performance":false}],"twelveToSixPm":[{"target":"34534","performance":false},{"target":"3453","performance":false},{"target":"34534","performance":false},{"target":"34534","performance":false}],"sixToTwelveAm":[{"target":"12q","performance":false},{"target":"q2","performance":false},{"target":"2e","performance":false},{"target":"ft6","performance":false}]}', '["1","2","3"]', '1212221213', '2023-10-20', '1'),
        ('667a289a-dc00-4c7f-9b37-ae2b16661f80', '{"theSingleMostImportantThing":null,"lecture":null,"dailyEvaluation":null,"work":null,"reading":null}', '{"sixToTwelvePm":[],"twelveToSixPm":[],"sixToTwelveAm":[]}', '[]', '', '2020-10-23', '961c8858-a43c-4cab-b878-6dba81c8c291'),
        ('97cb6bd0-296a-46f3-ab6c-13a4278b8b7a', '{"theSingleMostImportantThing":{"target":"rtre","performance":false},"lecture":null,"dailyEvaluation":null,"work":null,"reading":null}', '{"sixToTwelvePm":[{"target":"tẻ","performance":false},{"target":"tểtr","performance":false}],"twelveToSixPm":[],"sixToTwelveAm":[]}', '[]', '', '2023-10-23', '961c8858-a43c-4cab-b878-6dba81c8c291'),
        ('ac867ca3-ad8a-4733-9c24-a4fe17166f3b', '{"theSingleMostImportantThing":null,"lecture":null,"dailyEvaluation":null,"work":null,"reading":null}', '{"sixToTwelvePm":[],"twelveToSixPm":[],"sixToTwelveAm":[]}', '[]', '', '2023-10-18', '961c8858-a43c-4cab-b878-6dba81c8c291'),
        ('d61ef8fa-65ad-4ef1-897f-8292f05b894a', '{"theSingleMostImportantThing":{"target":"1","performance":false},"lecture":{"target":"Lecture 1","performance":false},"dailyEvaluation":{"target":"Gratitude diary, daily evaluation","performance":false},"work":{"target":"Meeting w customer","performance":false},"reading":{"target":"Reading 10 pages","performance":true}}', '{"sixToTwelvePm":[{"target":"6","performance":false},{"target":"7","performance":false},{"target":"8","performance":false}],"twelveToSixPm":[{"target":"xin chao canh","performance":true},{"target":"10","performance":false}],"sixToTwelveAm":[{"target":"11","performance":false},{"target":"23","performance":false},{"target":"14","performance":true}]}', '["111111111111111111ugh today’s work","111111111111111l for the birdsong I heard on my way to work today.","1111111111111"]', '', '2023-10-15', '1');

insert into shteam2_db.event (ID, TITLE, CONTENT, START_DATE, END_DATE, TYPE, USER_ID)
values  ('111', 'going to restaurant', 'going to restaurant', '2023-11-04T06:00:00.000Z', '2023-11-04T06:00:00.000Z', 'SEMINAR', '1'),
        ('123', 'going to church', 'going to church', '2023-11-04T06:00:00.000Z', '2023-11-04T06:00:00.000Z', 'PARTY', '1'),
        ('321', 'going to pagoda', 'going to pagoda', '2023-11-04T06:00:00.000Z', '2023-11-04T06:00:00.000Z', 'MEETING', '2'),
        ('456', 'going to market', 'going to market', '2023-11-04T06:00:00.000Z', '2023-11-04T06:00:00.000Z', 'HOLIDAY', '2'),
        ('654', 'going to cafe', 'going to cafe', '2023-11-04T06:00:00.000Z', '2023-11-04T06:00:00.000Z', 'PARTY', '1');

